1,NULL,Adjustable Race,2013-07-01 00:00:00.000,NULL,Current
2,NULL,Bearing Ball,2013-07-01 00:00:00.000,NULL,Current
3,NULL,BB Ball Bearing,2013-07-01 00:00:00.000,NULL,Current
4,NULL,Headset Ball Bearings,2013-07-01 00:00:00.000,NULL,Current
5,NULL,Blade,2013-07-01 00:00:00.000,NULL,Current
6,NULL,LL Crankarm,2013-07-01 00:00:00.000,NULL,Current
7,NULL,ML Crankarm,2013-07-01 00:00:00.000,NULL,Current
8,NULL,HL Crankarm,2013-07-01 00:00:00.000,NULL,Current
9,NULL,Chainring Bolts,2013-07-01 00:00:00.000,NULL,Current
10,NULL,Chainring Nut,2013-07-01 00:00:00.000,NULL,Current
11,NULL,Chainring,2013-07-01 00:00:00.000,NULL,Current
12,NULL,Crown Race,2013-07-01 00:00:00.000,NULL,Current
13,NULL,Chain Stays,2013-07-01 00:00:00.000,NULL,Current
14,NULL,Decal 1,2013-07-01 00:00:00.000,NULL,Current
15,NULL,Decal 2,2013-07-01 00:00:00.000,NULL,Current
16,NULL,Down Tube,2013-07-01 00:00:00.000,NULL,Current
17,NULL,Mountain End Caps,2013-07-01 00:00:00.000,NULL,Current
18,NULL,Road End Caps,2013-07-01 00:00:00.000,NULL,Current
19,NULL,Touring End Caps,2013-07-01 00:00:00.000,NULL,Current
20,NULL,Fork End,2013-07-01 00:00:00.000,NULL,Current
21,NULL,Freewheel,2013-07-01 00:00:00.000,NULL,Current
22,NULL,Flat Washer 1,2013-07-01 00:00:00.000,NULL,Current
23,NULL,Flat Washer 6,2013-07-01 00:00:00.000,NULL,Current
24,NULL,Flat Washer 2,2013-07-01 00:00:00.000,NULL,Current
25,NULL,Flat Washer 9,2013-07-01 00:00:00.000,NULL,Current
26,NULL,Flat Washer 4,2013-07-01 00:00:00.000,NULL,Current
27,NULL,Flat Washer 3,2013-07-01 00:00:00.000,NULL,Current
28,NULL,Flat Washer 8,2013-07-01 00:00:00.000,NULL,Current
29,NULL,Flat Washer 5,2013-07-01 00:00:00.000,NULL,Current
30,NULL,Flat Washer 7,2013-07-01 00:00:00.000,NULL,Current
31,NULL,Fork Crown,2013-07-01 00:00:00.000,NULL,Current
32,NULL,Front Derailleur Cage,2013-07-01 00:00:00.000,NULL,Current
33,NULL,Front Derailleur Linkage,2013-07-01 00:00:00.000,NULL,Current
34,NULL,Guide Pulley,2013-07-01 00:00:00.000,NULL,Current
35,NULL,LL Grip Tape,2013-07-01 00:00:00.000,NULL,Current
36,NULL,ML Grip Tape,2013-07-01 00:00:00.000,NULL,Current
37,NULL,HL Grip Tape,2013-07-01 00:00:00.000,NULL,Current
38,NULL,Thin-Jam Hex Nut 9,2013-07-01 00:00:00.000,NULL,Current
39,NULL,Thin-Jam Hex Nut 10,2013-07-01 00:00:00.000,NULL,Current
40,NULL,Thin-Jam Hex Nut 1,2013-07-01 00:00:00.000,NULL,Current
41,NULL,Thin-Jam Hex Nut 2,2013-07-01 00:00:00.000,NULL,Current
42,NULL,Thin-Jam Hex Nut 15,2013-07-01 00:00:00.000,NULL,Current
43,NULL,Thin-Jam Hex Nut 16,2013-07-01 00:00:00.000,NULL,Current
44,NULL,Thin-Jam Hex Nut 5,2013-07-01 00:00:00.000,NULL,Current
45,NULL,Thin-Jam Hex Nut 6,2013-07-01 00:00:00.000,NULL,Current
46,NULL,Thin-Jam Hex Nut 3,2013-07-01 00:00:00.000,NULL,Current
47,NULL,Thin-Jam Hex Nut 4,2013-07-01 00:00:00.000,NULL,Current
48,NULL,Thin-Jam Hex Nut 13,2013-07-01 00:00:00.000,NULL,Current
49,NULL,Thin-Jam Hex Nut 14,2013-07-01 00:00:00.000,NULL,Current
50,NULL,Thin-Jam Hex Nut 7,2013-07-01 00:00:00.000,NULL,Current
51,NULL,Thin-Jam Hex Nut 8,2013-07-01 00:00:00.000,NULL,Current
52,NULL,Thin-Jam Hex Nut 12,2013-07-01 00:00:00.000,NULL,Current
53,NULL,Thin-Jam Hex Nut 11,2013-07-01 00:00:00.000,NULL,Current
54,NULL,Hex Nut 5,2013-07-01 00:00:00.000,NULL,Current
55,NULL,Hex Nut 6,2013-07-01 00:00:00.000,NULL,Current
56,NULL,Hex Nut 16,2013-07-01 00:00:00.000,NULL,Current
57,NULL,Hex Nut 17,2013-07-01 00:00:00.000,NULL,Current
58,NULL,Hex Nut 7,2013-07-01 00:00:00.000,NULL,Current
59,NULL,Hex Nut 8,2013-07-01 00:00:00.000,NULL,Current
60,NULL,Hex Nut 9,2013-07-01 00:00:00.000,NULL,Current
61,NULL,Hex Nut 22,2013-07-01 00:00:00.000,NULL,Current
62,NULL,Hex Nut 23,2013-07-01 00:00:00.000,NULL,Current
63,NULL,Hex Nut 12,2013-07-01 00:00:00.000,NULL,Current
64,NULL,Hex Nut 13,2013-07-01 00:00:00.000,NULL,Current
65,NULL,Hex Nut 1,2013-07-01 00:00:00.000,NULL,Current
66,NULL,Hex Nut 10,2013-07-01 00:00:00.000,NULL,Current
67,NULL,Hex Nut 11,2013-07-01 00:00:00.000,NULL,Current
68,NULL,Hex Nut 2,2013-07-01 00:00:00.000,NULL,Current
69,NULL,Hex Nut 20,2013-07-01 00:00:00.000,NULL,Current
70,NULL,Hex Nut 21,2013-07-01 00:00:00.000,NULL,Current
71,NULL,Hex Nut 3,2013-07-01 00:00:00.000,NULL,Current
72,NULL,Hex Nut 14,2013-07-01 00:00:00.000,NULL,Current
73,NULL,Hex Nut 15,2013-07-01 00:00:00.000,NULL,Current
74,NULL,Hex Nut 4,2013-07-01 00:00:00.000,NULL,Current
75,NULL,Hex Nut 18,2013-07-01 00:00:00.000,NULL,Current
76,NULL,Hex Nut 19,2013-07-01 00:00:00.000,NULL,Current
77,NULL,Handlebar Tube,2013-07-01 00:00:00.000,NULL,Current
78,NULL,Head Tube,2013-07-01 00:00:00.000,NULL,Current
79,NULL,LL Hub,2013-07-01 00:00:00.000,NULL,Current
80,NULL,HL Hub,2013-07-01 00:00:00.000,NULL,Current
81,NULL,Keyed Washer,2013-07-01 00:00:00.000,NULL,Current
82,NULL,External Lock Washer 3,2013-07-01 00:00:00.000,NULL,Current
83,NULL,External Lock Washer 4,2013-07-01 00:00:00.000,NULL,Current
84,NULL,External Lock Washer 9,2013-07-01 00:00:00.000,NULL,Current
85,NULL,External Lock Washer 5,2013-07-01 00:00:00.000,NULL,Current
86,NULL,External Lock Washer 7,2013-07-01 00:00:00.000,NULL,Current
87,NULL,External Lock Washer 6,2013-07-01 00:00:00.000,NULL,Current
88,NULL,External Lock Washer 1,2013-07-01 00:00:00.000,NULL,Current
89,NULL,External Lock Washer 8,2013-07-01 00:00:00.000,NULL,Current
90,NULL,External Lock Washer 2,2013-07-01 00:00:00.000,NULL,Current
91,NULL,Internal Lock Washer 3,2013-07-01 00:00:00.000,NULL,Current
92,NULL,Internal Lock Washer 4,2013-07-01 00:00:00.000,NULL,Current
93,NULL,Internal Lock Washer 9,2013-07-01 00:00:00.000,NULL,Current
94,NULL,Internal Lock Washer 5,2013-07-01 00:00:00.000,NULL,Current
95,NULL,Internal Lock Washer 7,2013-07-01 00:00:00.000,NULL,Current
96,NULL,Internal Lock Washer 6,2013-07-01 00:00:00.000,NULL,Current
97,NULL,Internal Lock Washer 10,2013-07-01 00:00:00.000,NULL,Current
98,NULL,Internal Lock Washer 1,2013-07-01 00:00:00.000,NULL,Current
99,NULL,Internal Lock Washer 8,2013-07-01 00:00:00.000,NULL,Current
100,NULL,Internal Lock Washer 2,2013-07-01 00:00:00.000,NULL,Current
101,NULL,Thin-Jam Lock Nut 9,2013-07-01 00:00:00.000,NULL,Current
102,NULL,Thin-Jam Lock Nut 10,2013-07-01 00:00:00.000,NULL,Current
103,NULL,Thin-Jam Lock Nut 1,2013-07-01 00:00:00.000,NULL,Current
104,NULL,Thin-Jam Lock Nut 2,2013-07-01 00:00:00.000,NULL,Current
105,NULL,Thin-Jam Lock Nut 15,2013-07-01 00:00:00.000,NULL,Current
106,NULL,Thin-Jam Lock Nut 16,2013-07-01 00:00:00.000,NULL,Current
107,NULL,Thin-Jam Lock Nut 5,2013-07-01 00:00:00.000,NULL,Current
108,NULL,Thin-Jam Lock Nut 6,2013-07-01 00:00:00.000,NULL,Current
109,NULL,Thin-Jam Lock Nut 3,2013-07-01 00:00:00.000,NULL,Current
110,NULL,Thin-Jam Lock Nut 4,2013-07-01 00:00:00.000,NULL,Current
111,NULL,Thin-Jam Lock Nut 13,2013-07-01 00:00:00.000,NULL,Current
112,NULL,Thin-Jam Lock Nut 14,2013-07-01 00:00:00.000,NULL,Current
113,NULL,Thin-Jam Lock Nut 7,2013-07-01 00:00:00.000,NULL,Current
114,NULL,Thin-Jam Lock Nut 8,2013-07-01 00:00:00.000,NULL,Current
115,NULL,Thin-Jam Lock Nut 12,2013-07-01 00:00:00.000,NULL,Current
116,NULL,Thin-Jam Lock Nut 11,2013-07-01 00:00:00.000,NULL,Current
117,NULL,Lock Nut 5,2013-07-01 00:00:00.000,NULL,Current
118,NULL,Lock Nut 6,2013-07-01 00:00:00.000,NULL,Current
119,NULL,Lock Nut 16,2013-07-01 00:00:00.000,NULL,Current
120,NULL,Lock Nut 17,2013-07-01 00:00:00.000,NULL,Current
121,NULL,Lock Nut 7,2013-07-01 00:00:00.000,NULL,Current
122,NULL,Lock Nut 8,2013-07-01 00:00:00.000,NULL,Current
123,NULL,Lock Nut 9,2013-07-01 00:00:00.000,NULL,Current
124,NULL,Lock Nut 22,2013-07-01 00:00:00.000,NULL,Current
125,NULL,Lock Nut 23,2013-07-01 00:00:00.000,NULL,Current
126,NULL,Lock Nut 12,2013-07-01 00:00:00.000,NULL,Current
127,NULL,Lock Nut 13,2013-07-01 00:00:00.000,NULL,Current
128,NULL,Lock Nut 1,2013-07-01 00:00:00.000,NULL,Current
129,NULL,Lock Nut 10,2013-07-01 00:00:00.000,NULL,Current
130,NULL,Lock Nut 11,2013-07-01 00:00:00.000,NULL,Current
131,NULL,Lock Nut 2,2013-07-01 00:00:00.000,NULL,Current
132,NULL,Lock Nut 20,2013-07-01 00:00:00.000,NULL,Current
133,NULL,Lock Nut 21,2013-07-01 00:00:00.000,NULL,Current
134,NULL,Lock Nut 3,2013-07-01 00:00:00.000,NULL,Current
135,NULL,Lock Nut 14,2013-07-01 00:00:00.000,NULL,Current
136,NULL,Lock Nut 15,2013-07-01 00:00:00.000,NULL,Current
137,NULL,Lock Nut 4,2013-07-01 00:00:00.000,NULL,Current
138,NULL,Lock Nut 19,2013-07-01 00:00:00.000,NULL,Current
139,NULL,Lock Nut 18,2013-07-01 00:00:00.000,NULL,Current
140,NULL,Lock Ring,2013-07-01 00:00:00.000,NULL,Current
141,NULL,Lower Head Race,2013-07-01 00:00:00.000,NULL,Current
142,NULL,Lock Washer 4,2013-07-01 00:00:00.000,NULL,Current
143,NULL,Lock Washer 5,2013-07-01 00:00:00.000,NULL,Current
144,NULL,Lock Washer 10,2013-07-01 00:00:00.000,NULL,Current
145,NULL,Lock Washer 6,2013-07-01 00:00:00.000,NULL,Current
146,NULL,Lock Washer 13,2013-07-01 00:00:00.000,NULL,Current
147,NULL,Lock Washer 8,2013-07-01 00:00:00.000,NULL,Current
148,NULL,Lock Washer 1,2013-07-01 00:00:00.000,NULL,Current
149,NULL,Lock Washer 7,2013-07-01 00:00:00.000,NULL,Current
150,NULL,Lock Washer 12,2013-07-01 00:00:00.000,NULL,Current
151,NULL,Lock Washer 2,2013-07-01 00:00:00.000,NULL,Current
152,NULL,Lock Washer 9,2013-07-01 00:00:00.000,NULL,Current
153,NULL,Lock Washer 3,2013-07-01 00:00:00.000,NULL,Current
154,NULL,Lock Washer 11,2013-07-01 00:00:00.000,NULL,Current
155,NULL,Metal Angle,2013-07-01 00:00:00.000,NULL,Current
156,NULL,Metal Bar 1,2013-07-01 00:00:00.000,NULL,Current
157,NULL,Metal Bar 2,2013-07-01 00:00:00.000,NULL,Current
158,NULL,Metal Plate 2,2013-07-01 00:00:00.000,NULL,Current
159,NULL,Metal Plate 1,2013-07-01 00:00:00.000,NULL,Current
160,NULL,Metal Plate 3,2013-07-01 00:00:00.000,NULL,Current
161,NULL,Metal Sheet 2,2013-07-01 00:00:00.000,NULL,Current
162,NULL,Metal Sheet 3,2013-07-01 00:00:00.000,NULL,Current
163,NULL,Metal Sheet 7,2013-07-01 00:00:00.000,NULL,Current
164,NULL,Metal Sheet 4,2013-07-01 00:00:00.000,NULL,Current
165,NULL,Metal Sheet 5,2013-07-01 00:00:00.000,NULL,Current
166,NULL,Metal Sheet 6,2013-07-01 00:00:00.000,NULL,Current
167,NULL,Metal Sheet 1,2013-07-01 00:00:00.000,NULL,Current
168,NULL,Metal Tread Plate,2013-07-01 00:00:00.000,NULL,Current
169,NULL,LL Nipple,2013-07-01 00:00:00.000,NULL,Current
170,NULL,HL Nipple,2013-07-01 00:00:00.000,NULL,Current
171,NULL,Paint - Black,2013-07-01 00:00:00.000,NULL,Current
172,NULL,Paint - Red,2013-07-01 00:00:00.000,NULL,Current
173,NULL,Paint - Silver,2013-07-01 00:00:00.000,NULL,Current
174,NULL,Paint - Blue,2013-07-01 00:00:00.000,NULL,Current
175,NULL,Paint - Yellow,2013-07-01 00:00:00.000,NULL,Current
176,NULL,Pinch Bolt,2013-07-01 00:00:00.000,NULL,Current
177,NULL,Cup-Shaped Race,2013-07-01 00:00:00.000,NULL,Current
178,NULL,Cone-Shaped Race,2013-07-01 00:00:00.000,NULL,Current
179,NULL,Reflector,2013-07-01 00:00:00.000,NULL,Current
180,NULL,LL Mountain Rim,2013-07-01 00:00:00.000,NULL,Current
181,NULL,ML Mountain Rim,2013-07-01 00:00:00.000,NULL,Current
182,NULL,HL Mountain Rim,2013-07-01 00:00:00.000,NULL,Current
183,NULL,LL Road Rim,2013-07-01 00:00:00.000,NULL,Current
184,NULL,ML Road Rim,2013-07-01 00:00:00.000,NULL,Current
185,NULL,HL Road Rim,2013-07-01 00:00:00.000,NULL,Current
186,NULL,Touring Rim,2013-07-01 00:00:00.000,NULL,Current
187,NULL,LL Mountain Seat Assembly,2013-07-01 00:00:00.000,NULL,Current
188,NULL,ML Mountain Seat Assembly,2013-07-01 00:00:00.000,NULL,Current
189,NULL,HL Mountain Seat Assembly,2013-07-01 00:00:00.000,NULL,Current
190,NULL,LL Road Seat Assembly,2013-07-01 00:00:00.000,NULL,Current
191,NULL,ML Road Seat Assembly,2013-07-01 00:00:00.000,NULL,Current
192,NULL,HL Road Seat Assembly,2013-07-01 00:00:00.000,NULL,Current
193,NULL,LL Touring Seat Assembly,2013-07-01 00:00:00.000,NULL,Current
194,NULL,ML Touring Seat Assembly,2013-07-01 00:00:00.000,NULL,Current
195,NULL,HL Touring Seat Assembly,2013-07-01 00:00:00.000,NULL,Current
196,NULL,LL Spindle/Axle,2013-07-01 00:00:00.000,NULL,Current
197,NULL,HL Spindle/Axle,2013-07-01 00:00:00.000,NULL,Current
198,NULL,LL Shell,2013-07-01 00:00:00.000,NULL,Current
199,NULL,HL Shell,2013-07-01 00:00:00.000,NULL,Current
200,NULL,Spokes,2013-07-01 00:00:00.000,NULL,Current
201,NULL,Seat Lug,2013-07-01 00:00:00.000,NULL,Current
202,NULL,Stem,2013-07-01 00:00:00.000,NULL,Current
203,NULL,Seat Post,2013-07-01 00:00:00.000,NULL,Current
204,NULL,Steerer,2013-07-01 00:00:00.000,NULL,Current
205,NULL,Seat Stays,2013-07-01 00:00:00.000,NULL,Current
206,NULL,Seat Tube,2013-07-01 00:00:00.000,NULL,Current
207,NULL,Top Tube,2013-07-01 00:00:00.000,NULL,Current
208,NULL,Tension Pulley,2013-07-01 00:00:00.000,NULL,Current
209,NULL,Rear Derailleur Cage,2013-07-01 00:00:00.000,NULL,Current
210,14,"HL Road Frame - Black, 58",2013-07-01 00:00:00.000,NULL,Current
211,14,"HL Road Frame - Red, 58",2013-07-01 00:00:00.000,NULL,Current
212,31,"Sport-100 Helmet, Red",2021-07-01 00:00:00.000,2017-12-28 00:00:00.000,NULL
213,31,"Sport-100 Helmet, Red",2022-07-01 00:00:00.000,2018-12-27 00:00:00.000,NULL
214,31,"Sport-100 Helmet, Red",2023-07-01 00:00:00.000,NULL,Current
215,31,"Sport-100 Helmet, Black",2021-07-01 00:00:00.000,2017-12-28 00:00:00.000,NULL
216,31,"Sport-100 Helmet, Black",2022-07-01 00:00:00.000,2018-12-27 00:00:00.000,NULL
217,31,"Sport-100 Helmet, Black",2023-07-01 00:00:00.000,NULL,Current
218,23,"Mountain Bike Socks, M",2021-07-01 00:00:00.000,2017-12-28 00:00:00.000,NULL
219,23,"Mountain Bike Socks, L",2021-07-01 00:00:00.000,2017-12-28 00:00:00.000,NULL
220,31,"Sport-100 Helmet, Blue",2021-07-01 00:00:00.000,2017-12-28 00:00:00.000,NULL
221,31,"Sport-100 Helmet, Blue",2022-07-01 00:00:00.000,2018-12-27 00:00:00.000,NULL
222,31,"Sport-100 Helmet, Blue",2023-07-01 00:00:00.000,NULL,Current
223,19,AWC Logo Cap,2021-07-01 00:00:00.000,2017-12-28 00:00:00.000,NULL
224,19,AWC Logo Cap,2022-07-01 00:00:00.000,2018-12-27 00:00:00.000,NULL
225,19,AWC Logo Cap,2023-07-01 00:00:00.000,NULL,Current
226,21,"Long-Sleeve Logo Jersey, S",2021-07-01 00:00:00.000,2017-12-28 00:00:00.000,NULL
227,21,"Long-Sleeve Logo Jersey, S",2022-07-01 00:00:00.000,2018-12-27 00:00:00.000,NULL
228,21,"Long-Sleeve Logo Jersey, S",2023-07-01 00:00:00.000,NULL,Current
229,21,"Long-Sleeve Logo Jersey, M",2021-07-01 00:00:00.000,2017-12-28 00:00:00.000,NULL
230,21,"Long-Sleeve Logo Jersey, M",2022-07-01 00:00:00.000,2018-12-27 00:00:00.000,NULL
231,21,"Long-Sleeve Logo Jersey, M",2023-07-01 00:00:00.000,NULL,Current
232,21,"Long-Sleeve Logo Jersey, L",2021-07-01 00:00:00.000,2017-12-28 00:00:00.000,NULL
233,21,"Long-Sleeve Logo Jersey, L",2022-07-01 00:00:00.000,2018-12-27 00:00:00.000,NULL
234,21,"Long-Sleeve Logo Jersey, L",2023-07-01 00:00:00.000,NULL,Current
235,21,"Long-Sleeve Logo Jersey, XL",2021-07-01 00:00:00.000,2017-12-28 00:00:00.000,NULL
236,21,"Long-Sleeve Logo Jersey, XL",2022-07-01 00:00:00.000,2018-12-27 00:00:00.000,NULL
237,21,"Long-Sleeve Logo Jersey, XL",2023-07-01 00:00:00.000,NULL,Current
238,14,"HL Road Frame - Red, 62",2021-07-01 00:00:00.000,2017-12-28 00:00:00.000,NULL
239,14,"HL Road Frame - Red, 62",2022-07-01 00:00:00.000,2018-12-27 00:00:00.000,NULL
240,14,"HL Road Frame - Red, 62",2023-07-01 00:00:00.000,NULL,Current
241,14,"HL Road Frame - Red, 44",2021-07-01 00:00:00.000,2017-12-28 00:00:00.000,NULL
242,14,"HL Road Frame - Red, 44",2022-07-01 00:00:00.000,2018-12-27 00:00:00.000,NULL
243,14,"HL Road Frame - Red, 44",2023-07-01 00:00:00.000,NULL,Current
244,14,"HL Road Frame - Red, 48",2021-07-01 00:00:00.000,2017-12-28 00:00:00.000,NULL
245,14,"HL Road Frame - Red, 48",2022-07-01 00:00:00.000,2018-12-27 00:00:00.000,NULL
246,14,"HL Road Frame - Red, 48",2023-07-01 00:00:00.000,NULL,Current
247,14,"HL Road Frame - Red, 52",2021-07-01 00:00:00.000,2017-12-28 00:00:00.000,NULL
248,14,"HL Road Frame - Red, 52",2022-07-01 00:00:00.000,2018-12-27 00:00:00.000,NULL
249,14,"HL Road Frame - Red, 52",2023-07-01 00:00:00.000,NULL,Current
250,14,"HL Road Frame - Red, 56",2021-07-01 00:00:00.000,2017-12-28 00:00:00.000,NULL
251,14,"HL Road Frame - Red, 56",2022-07-01 00:00:00.000,2018-12-27 00:00:00.000,NULL
252,14,"HL Road Frame - Red, 56",2023-07-01 00:00:00.000,NULL,Current
253,14,"LL Road Frame - Black, 58",2021-07-01 00:00:00.000,2017-12-28 00:00:00.000,NULL
254,14,"LL Road Frame - Black, 58",2022-07-01 00:00:00.000,2018-12-27 00:00:00.000,NULL
255,14,"LL Road Frame - Black, 58",2023-07-01 00:00:00.000,NULL,Current
256,14,"LL Road Frame - Black, 60",2021-07-01 00:00:00.000,2017-12-28 00:00:00.000,NULL
257,14,"LL Road Frame - Black, 60",2022-07-01 00:00:00.000,2018-12-27 00:00:00.000,NULL
258,14,"LL Road Frame - Black, 60",2023-07-01 00:00:00.000,NULL,Current
259,14,"LL Road Frame - Black, 62",2021-07-01 00:00:00.000,2017-12-28 00:00:00.000,NULL
260,14,"LL Road Frame - Black, 62",2022-07-01 00:00:00.000,2018-12-27 00:00:00.000,NULL
261,14,"LL Road Frame - Black, 62",2023-07-01 00:00:00.000,NULL,Current
262,14,"LL Road Frame - Red, 44",2021-07-01 00:00:00.000,2017-12-28 00:00:00.000,NULL
263,14,"LL Road Frame - Red, 44",2022-07-01 00:00:00.000,2018-12-27 00:00:00.000,NULL
264,14,"LL Road Frame - Red, 48",2021-07-01 00:00:00.000,2017-12-28 00:00:00.000,NULL
265,14,"LL Road Frame - Red, 48",2022-07-01 00:00:00.000,2018-12-27 00:00:00.000,NULL
266,14,"LL Road Frame - Red, 52",2021-07-01 00:00:00.000,2017-12-28 00:00:00.000,NULL
267,14,"LL Road Frame - Red, 52",2022-07-01 00:00:00.000,2018-12-27 00:00:00.000,NULL
268,14,"LL Road Frame - Red, 58",2021-07-01 00:00:00.000,2017-12-28 00:00:00.000,NULL
269,14,"LL Road Frame - Red, 58",2022-07-01 00:00:00.000,2018-12-27 00:00:00.000,NULL
270,14,"LL Road Frame - Red, 60",2021-07-01 00:00:00.000,2017-12-28 00:00:00.000,NULL
271,14,"LL Road Frame - Red, 60",2022-07-01 00:00:00.000,2018-12-27 00:00:00.000,NULL
272,14,"LL Road Frame - Red, 62",2021-07-01 00:00:00.000,2017-12-28 00:00:00.000,NULL
273,14,"LL Road Frame - Red, 62",2022-07-01 00:00:00.000,2018-12-27 00:00:00.000,NULL
274,14,"ML Road Frame - Red, 44",2021-07-01 00:00:00.000,2017-12-28 00:00:00.000,NULL
275,14,"ML Road Frame - Red, 48",2021-07-01 00:00:00.000,2017-12-28 00:00:00.000,NULL
276,14,"ML Road Frame - Red, 52",2021-07-01 00:00:00.000,2017-12-28 00:00:00.000,NULL
277,14,"ML Road Frame - Red, 58",2021-07-01 00:00:00.000,2017-12-28 00:00:00.000,NULL
278,14,"ML Road Frame - Red, 60",2021-07-01 00:00:00.000,2017-12-28 00:00:00.000,NULL
279,14,"LL Road Frame - Black, 44",2021-07-01 00:00:00.000,2017-12-28 00:00:00.000,NULL
280,14,"LL Road Frame - Black, 44",2022-07-01 00:00:00.000,2018-12-27 00:00:00.000,NULL
281,14,"LL Road Frame - Black, 44",2023-07-01 00:00:00.000,NULL,Current
282,14,"LL Road Frame - Black, 48",2021-07-01 00:00:00.000,2017-12-28 00:00:00.000,NULL
283,14,"LL Road Frame - Black, 48",2022-07-01 00:00:00.000,2018-12-27 00:00:00.000,NULL
284,14,"LL Road Frame - Black, 48",2023-07-01 00:00:00.000,NULL,Current
285,14,"LL Road Frame - Black, 52",2021-07-01 00:00:00.000,2017-12-28 00:00:00.000,NULL
286,14,"LL Road Frame - Black, 52",2022-07-01 00:00:00.000,2018-12-27 00:00:00.000,NULL
287,14,"LL Road Frame - Black, 52",2023-07-01 00:00:00.000,NULL,Current
288,12,"HL Mountain Frame - Silver, 42",2021-07-01 00:00:00.000,2017-12-28 00:00:00.000,NULL
289,12,"HL Mountain Frame - Silver, 42",2022-07-01 00:00:00.000,2018-12-27 00:00:00.000,NULL
290,12,"HL Mountain Frame - Silver, 42",2023-07-01 00:00:00.000,NULL,Current
291,12,"HL Mountain Frame - Silver, 44",2021-07-01 00:00:00.000,2017-12-28 00:00:00.000,NULL
292,12,"HL Mountain Frame - Silver, 48",2021-07-01 00:00:00.000,2017-12-28 00:00:00.000,NULL
293,12,"HL Mountain Frame - Silver, 46",2021-07-01 00:00:00.000,2017-12-28 00:00:00.000,NULL
294,12,"HL Mountain Frame - Silver, 46",2022-07-01 00:00:00.000,2018-12-27 00:00:00.000,NULL
295,12,"HL Mountain Frame - Silver, 46",2023-07-01 00:00:00.000,NULL,Current
296,12,"HL Mountain Frame - Black, 42",2021-07-01 00:00:00.000,2017-12-28 00:00:00.000,NULL
297,12,"HL Mountain Frame - Black, 42",2022-07-01 00:00:00.000,2018-12-27 00:00:00.000,NULL
298,12,"HL Mountain Frame - Black, 42",2023-07-01 00:00:00.000,NULL,Current
299,12,"HL Mountain Frame - Black, 44",2021-07-01 00:00:00.000,2017-12-28 00:00:00.000,NULL
300,12,"HL Mountain Frame - Black, 48",2021-07-01 00:00:00.000,2017-12-28 00:00:00.000,NULL
301,12,"HL Mountain Frame - Black, 46",2021-07-01 00:00:00.000,2017-12-28 00:00:00.000,NULL
302,12,"HL Mountain Frame - Black, 46",2022-07-01 00:00:00.000,2018-12-27 00:00:00.000,NULL
303,12,"HL Mountain Frame - Black, 46",2023-07-01 00:00:00.000,NULL,Current
304,12,"HL Mountain Frame - Black, 38",2021-07-01 00:00:00.000,2017-12-28 00:00:00.000,NULL
305,12,"HL Mountain Frame - Black, 38",2022-07-01 00:00:00.000,2018-12-27 00:00:00.000,NULL
306,12,"HL Mountain Frame - Black, 38",2023-07-01 00:00:00.000,NULL,Current
307,12,"HL Mountain Frame - Silver, 38",2021-07-01 00:00:00.000,2017-12-28 00:00:00.000,NULL
308,12,"HL Mountain Frame - Silver, 38",2022-07-01 00:00:00.000,2018-12-27 00:00:00.000,NULL
309,12,"HL Mountain Frame - Silver, 38",2023-07-01 00:00:00.000,NULL,Current
310,2,"Road-150 Red, 62",2021-07-01 00:00:00.000,2017-12-28 00:00:00.000,NULL
311,2,"Road-150 Red, 44",2021-07-01 00:00:00.000,2017-12-28 00:00:00.000,NULL
312,2,"Road-150 Red, 48",2021-07-01 00:00:00.000,2017-12-28 00:00:00.000,NULL
313,2,"Road-150 Red, 52",2021-07-01 00:00:00.000,2017-12-28 00:00:00.000,NULL
314,2,"Road-150 Red, 56",2021-07-01 00:00:00.000,2017-12-28 00:00:00.000,NULL
315,2,"Road-450 Red, 58",2021-07-01 00:00:00.000,2017-12-28 00:00:00.000,NULL
316,2,"Road-450 Red, 60",2021-07-01 00:00:00.000,2017-12-28 00:00:00.000,NULL
317,2,"Road-450 Red, 44",2021-07-01 00:00:00.000,2017-12-28 00:00:00.000,NULL
318,2,"Road-450 Red, 48",2021-07-01 00:00:00.000,2017-12-28 00:00:00.000,NULL
319,2,"Road-450 Red, 52",2021-07-01 00:00:00.000,2017-12-28 00:00:00.000,NULL
320,2,"Road-650 Red, 58",2021-07-01 00:00:00.000,2017-12-28 00:00:00.000,NULL
321,2,"Road-650 Red, 58",2022-07-01 00:00:00.000,2018-12-27 00:00:00.000,NULL
322,2,"Road-650 Red, 60",2021-07-01 00:00:00.000,2017-12-28 00:00:00.000,NULL
323,2,"Road-650 Red, 60",2022-07-01 00:00:00.000,2018-12-27 00:00:00.000,NULL
324,2,"Road-650 Red, 62",2021-07-01 00:00:00.000,2017-12-28 00:00:00.000,NULL
325,2,"Road-650 Red, 62",2022-07-01 00:00:00.000,2018-12-27 00:00:00.000,NULL
326,2,"Road-650 Red, 44",2021-07-01 00:00:00.000,2017-12-28 00:00:00.000,NULL
327,2,"Road-650 Red, 44",2022-07-01 00:00:00.000,2018-12-27 00:00:00.000,NULL
328,2,"Road-650 Red, 48",2021-07-01 00:00:00.000,2017-12-28 00:00:00.000,NULL
329,2,"Road-650 Red, 48",2022-07-01 00:00:00.000,2018-12-27 00:00:00.000,NULL
330,2,"Road-650 Red, 52",2021-07-01 00:00:00.000,2017-12-28 00:00:00.000,NULL
331,2,"Road-650 Red, 52",2022-07-01 00:00:00.000,2018-12-27 00:00:00.000,NULL
332,2,"Road-650 Black, 58",2021-07-01 00:00:00.000,2017-12-28 00:00:00.000,NULL
333,2,"Road-650 Black, 58",2022-07-01 00:00:00.000,2018-12-27 00:00:00.000,NULL
334,2,"Road-650 Black, 60",2021-07-01 00:00:00.000,2017-12-28 00:00:00.000,NULL
335,2,"Road-650 Black, 60",2022-07-01 00:00:00.000,2018-12-27 00:00:00.000,NULL
336,2,"Road-650 Black, 62",2021-07-01 00:00:00.000,2017-12-28 00:00:00.000,NULL
337,2,"Road-650 Black, 62",2022-07-01 00:00:00.000,2018-12-27 00:00:00.000,NULL
338,2,"Road-650 Black, 44",2021-07-01 00:00:00.000,2017-12-28 00:00:00.000,NULL
339,2,"Road-650 Black, 44",2022-07-01 00:00:00.000,2018-12-27 00:00:00.000,NULL
340,2,"Road-650 Black, 48",2021-07-01 00:00:00.000,2017-12-28 00:00:00.000,NULL
341,2,"Road-650 Black, 48",2022-07-01 00:00:00.000,2018-12-27 00:00:00.000,NULL
342,2,"Road-650 Black, 52",2021-07-01 00:00:00.000,2017-12-28 00:00:00.000,NULL
343,2,"Road-650 Black, 52",2022-07-01 00:00:00.000,2018-12-27 00:00:00.000,NULL
344,1,"Mountain-100 Silver, 38",2021-07-01 00:00:00.000,2017-12-28 00:00:00.000,NULL
345,1,"Mountain-100 Silver, 42",2021-07-01 00:00:00.000,2017-12-28 00:00:00.000,NULL
346,1,"Mountain-100 Silver, 44",2021-07-01 00:00:00.000,2017-12-28 00:00:00.000,NULL
347,1,"Mountain-100 Silver, 48",2021-07-01 00:00:00.000,2017-12-28 00:00:00.000,NULL
348,1,"Mountain-100 Black, 38",2021-07-01 00:00:00.000,2017-12-28 00:00:00.000,NULL
349,1,"Mountain-100 Black, 42",2021-07-01 00:00:00.000,2017-12-28 00:00:00.000,NULL
350,1,"Mountain-100 Black, 44",2021-07-01 00:00:00.000,2017-12-28 00:00:00.000,NULL
351,1,"Mountain-100 Black, 48",2021-07-01 00:00:00.000,2017-12-28 00:00:00.000,NULL
352,1,"Mountain-200 Silver, 38",2022-07-01 00:00:00.000,2018-12-27 00:00:00.000,NULL
353,1,"Mountain-200 Silver, 38",2023-07-01 00:00:00.000,NULL,Current
354,1,"Mountain-200 Silver, 42",2022-07-01 00:00:00.000,2018-12-27 00:00:00.000,NULL
355,1,"Mountain-200 Silver, 42",2023-07-01 00:00:00.000,NULL,Current
356,1,"Mountain-200 Silver, 46",2022-07-01 00:00:00.000,2018-12-27 00:00:00.000,NULL
357,1,"Mountain-200 Silver, 46",2023-07-01 00:00:00.000,NULL,Current
358,1,"Mountain-200 Black, 38",2022-07-01 00:00:00.000,2018-12-27 00:00:00.000,NULL
359,1,"Mountain-200 Black, 38",2023-07-01 00:00:00.000,NULL,Current
360,1,"Mountain-200 Black, 42",2022-07-01 00:00:00.000,2018-12-27 00:00:00.000,NULL
361,1,"Mountain-200 Black, 42",2023-07-01 00:00:00.000,NULL,Current
362,1,"Mountain-200 Black, 46",2022-07-01 00:00:00.000,2018-12-27 00:00:00.000,NULL
363,1,"Mountain-200 Black, 46",2023-07-01 00:00:00.000,NULL,Current
364,1,"Mountain-300 Black, 38",2022-07-01 00:00:00.000,2018-12-27 00:00:00.000,NULL
365,1,"Mountain-300 Black, 40",2022-07-01 00:00:00.000,2018-12-27 00:00:00.000,NULL
366,1,"Mountain-300 Black, 44",2022-07-01 00:00:00.000,2018-12-27 00:00:00.000,NULL
367,1,"Mountain-300 Black, 48",2022-07-01 00:00:00.000,2018-12-27 00:00:00.000,NULL
368,2,"Road-250 Red, 44",2022-07-01 00:00:00.000,2018-12-27 00:00:00.000,NULL
369,2,"Road-250 Red, 48",2022-07-01 00:00:00.000,2018-12-27 00:00:00.000,NULL
370,2,"Road-250 Red, 52",2022-07-01 00:00:00.000,2018-12-27 00:00:00.000,NULL
371,2,"Road-250 Red, 58",2022-07-01 00:00:00.000,2018-12-27 00:00:00.000,NULL
372,2,"Road-250 Red, 58",2023-07-01 00:00:00.000,NULL,Current
373,2,"Road-250 Black, 44",2022-07-01 00:00:00.000,2018-12-27 00:00:00.000,NULL
374,2,"Road-250 Black, 44",2023-07-01 00:00:00.000,NULL,Current
375,2,"Road-250 Black, 48",2022-07-01 00:00:00.000,2018-12-27 00:00:00.000,NULL
376,2,"Road-250 Black, 48",2023-07-01 00:00:00.000,NULL,Current
377,2,"Road-250 Black, 52",2022-07-01 00:00:00.000,2018-12-27 00:00:00.000,NULL
378,2,"Road-250 Black, 52",2023-07-01 00:00:00.000,NULL,Current
379,2,"Road-250 Black, 58",2022-07-01 00:00:00.000,2018-12-27 00:00:00.000,NULL
380,2,"Road-250 Black, 58",2023-07-01 00:00:00.000,NULL,Current
381,2,"Road-550-W Yellow, 38",2022-07-01 00:00:00.000,2018-12-27 00:00:00.000,NULL
382,2,"Road-550-W Yellow, 38",2023-07-01 00:00:00.000,NULL,Current
383,2,"Road-550-W Yellow, 40",2022-07-01 00:00:00.000,2018-12-27 00:00:00.000,NULL
384,2,"Road-550-W Yellow, 40",2023-07-01 00:00:00.000,NULL,Current
385,2,"Road-550-W Yellow, 42",2022-07-01 00:00:00.000,2018-12-27 00:00:00.000,NULL
386,2,"Road-550-W Yellow, 42",2023-07-01 00:00:00.000,NULL,Current
387,2,"Road-550-W Yellow, 44",2022-07-01 00:00:00.000,2018-12-27 00:00:00.000,NULL
388,2,"Road-550-W Yellow, 44",2023-07-01 00:00:00.000,NULL,Current
389,2,"Road-550-W Yellow, 48",2022-07-01 00:00:00.000,2018-12-27 00:00:00.000,NULL
390,2,"Road-550-W Yellow, 48",2023-07-01 00:00:00.000,NULL,Current
391,10,LL Fork,2022-07-01 00:00:00.000,2018-12-27 00:00:00.000,NULL
392,10,ML Fork,2022-07-01 00:00:00.000,2018-12-27 00:00:00.000,NULL
393,10,HL Fork,2022-07-01 00:00:00.000,2018-12-27 00:00:00.000,NULL
394,11,LL Headset,2022-07-01 00:00:00.000,2018-12-27 00:00:00.000,NULL
395,11,ML Headset,2022-07-01 00:00:00.000,2018-12-27 00:00:00.000,NULL
396,11,HL Headset,2022-07-01 00:00:00.000,2018-12-27 00:00:00.000,NULL
397,4,LL Mountain Handlebars,2022-07-01 00:00:00.000,2018-12-27 00:00:00.000,NULL
398,4,LL Mountain Handlebars,2023-07-01 00:00:00.000,NULL,Current
399,4,ML Mountain Handlebars,2022-07-01 00:00:00.000,2018-12-27 00:00:00.000,NULL
400,4,ML Mountain Handlebars,2023-07-01 00:00:00.000,NULL,Current
401,4,HL Mountain Handlebars,2022-07-01 00:00:00.000,2018-12-27 00:00:00.000,NULL
402,4,HL Mountain Handlebars,2023-07-01 00:00:00.000,NULL,Current
403,4,LL Road Handlebars,2022-07-01 00:00:00.000,2018-12-27 00:00:00.000,NULL
404,4,LL Road Handlebars,2023-07-01 00:00:00.000,NULL,Current
405,4,ML Road Handlebars,2022-07-01 00:00:00.000,2018-12-27 00:00:00.000,NULL
406,4,ML Road Handlebars,2023-07-01 00:00:00.000,NULL,Current
407,4,HL Road Handlebars,2022-07-01 00:00:00.000,2018-12-27 00:00:00.000,NULL
408,4,HL Road Handlebars,2023-07-01 00:00:00.000,NULL,Current
409,12,"ML Mountain Frame - Black, 38",2022-07-01 00:00:00.000,2018-12-27 00:00:00.000,NULL
410,17,LL Mountain Front Wheel,2022-07-01 00:00:00.000,2018-12-27 00:00:00.000,NULL
411,17,ML Mountain Front Wheel,2022-07-01 00:00:00.000,2018-12-27 00:00:00.000,NULL
412,17,HL Mountain Front Wheel,2022-07-01 00:00:00.000,2018-12-27 00:00:00.000,NULL
413,17,LL Road Front Wheel,2022-07-01 00:00:00.000,2018-12-27 00:00:00.000,NULL
414,17,ML Road Front Wheel,2022-07-01 00:00:00.000,2018-12-27 00:00:00.000,NULL
415,17,HL Road Front Wheel,2022-07-01 00:00:00.000,2018-12-27 00:00:00.000,NULL
416,17,Touring Front Wheel,2022-07-01 00:00:00.000,2018-12-27 00:00:00.000,NULL
417,14,"ML Road Frame-W - Yellow, 38",2022-07-01 00:00:00.000,2018-12-27 00:00:00.000,NULL
418,14,"ML Road Frame-W - Yellow, 38",2023-07-01 00:00:00.000,NULL,Current
419,17,LL Mountain Rear Wheel,2022-07-01 00:00:00.000,2018-12-27 00:00:00.000,NULL
420,17,ML Mountain Rear Wheel,2022-07-01 00:00:00.000,2018-12-27 00:00:00.000,NULL
421,17,HL Mountain Rear Wheel,2022-07-01 00:00:00.000,2018-12-27 00:00:00.000,NULL
422,17,LL Road Rear Wheel,2022-07-01 00:00:00.000,2018-12-27 00:00:00.000,NULL
423,17,ML Road Rear Wheel,2022-07-01 00:00:00.000,2018-12-27 00:00:00.000,NULL
424,17,HL Road Rear Wheel,2022-07-01 00:00:00.000,2018-12-27 00:00:00.000,NULL
425,17,Touring Rear Wheel,2022-07-01 00:00:00.000,2018-12-27 00:00:00.000,NULL
426,12,"ML Mountain Frame - Black, 40",2022-07-01 00:00:00.000,2018-12-27 00:00:00.000,NULL
427,12,"ML Mountain Frame - Black, 44",2022-07-01 00:00:00.000,2018-12-27 00:00:00.000,NULL
428,12,"ML Mountain Frame - Black, 48",2022-07-01 00:00:00.000,2018-12-27 00:00:00.000,NULL
429,14,"ML Road Frame-W - Yellow, 40",2022-07-01 00:00:00.000,2018-12-27 00:00:00.000,NULL
430,14,"ML Road Frame-W - Yellow, 40",2023-07-01 00:00:00.000,NULL,Current
431,14,"ML Road Frame-W - Yellow, 42",2022-07-01 00:00:00.000,2018-12-27 00:00:00.000,NULL
432,14,"ML Road Frame-W - Yellow, 42",2023-07-01 00:00:00.000,NULL,Current
433,14,"ML Road Frame-W - Yellow, 44",2022-07-01 00:00:00.000,2018-12-27 00:00:00.000,NULL
434,14,"ML Road Frame-W - Yellow, 44",2023-07-01 00:00:00.000,NULL,Current
435,14,"ML Road Frame-W - Yellow, 48",2022-07-01 00:00:00.000,2018-12-27 00:00:00.000,NULL
436,14,"ML Road Frame-W - Yellow, 48",2023-07-01 00:00:00.000,NULL,Current
437,14,"HL Road Frame - Black, 62",2022-07-01 00:00:00.000,2018-12-27 00:00:00.000,NULL
438,14,"HL Road Frame - Black, 62",2023-07-01 00:00:00.000,NULL,Current
439,14,"HL Road Frame - Black, 44",2022-07-01 00:00:00.000,2018-12-27 00:00:00.000,NULL
440,14,"HL Road Frame - Black, 44",2023-07-01 00:00:00.000,NULL,Current
441,14,"HL Road Frame - Black, 48",2022-07-01 00:00:00.000,2018-12-27 00:00:00.000,NULL
442,14,"HL Road Frame - Black, 48",2023-07-01 00:00:00.000,NULL,Current
443,14,"HL Road Frame - Black, 52",2022-07-01 00:00:00.000,2018-12-27 00:00:00.000,NULL
444,14,"HL Road Frame - Black, 52",2023-07-01 00:00:00.000,NULL,Current
445,22,"Men's Sports Shorts, S",2022-07-01 00:00:00.000,2018-12-27 00:00:00.000,NULL
446,35,"Touring-Panniers, Large",2022-07-01 00:00:00.000,2018-12-27 00:00:00.000,NULL
447,34,Cable Lock,2022-07-01 00:00:00.000,2018-12-27 00:00:00.000,NULL
448,36,Minipump,2022-07-01 00:00:00.000,2018-12-27 00:00:00.000,NULL
449,36,Mountain Pump,2022-07-01 00:00:00.000,2018-12-27 00:00:00.000,NULL
450,33,Taillights - Battery-Powered,2022-07-01 00:00:00.000,2018-12-27 00:00:00.000,NULL
451,33,Headlights - Dual-Beam,2022-07-01 00:00:00.000,2018-12-27 00:00:00.000,NULL
452,33,Headlights - Weatherproof,2022-07-01 00:00:00.000,2018-12-27 00:00:00.000,NULL
453,22,"Men's Sports Shorts, M",2022-07-01 00:00:00.000,2018-12-27 00:00:00.000,NULL
454,22,"Men's Sports Shorts, L",2022-07-01 00:00:00.000,2018-12-27 00:00:00.000,NULL
455,22,"Men's Sports Shorts, XL",2022-07-01 00:00:00.000,2018-12-27 00:00:00.000,NULL
456,24,"Women's Tights, S",2022-07-01 00:00:00.000,2018-12-27 00:00:00.000,NULL
457,24,"Women's Tights, M",2022-07-01 00:00:00.000,2018-12-27 00:00:00.000,NULL
458,24,"Women's Tights, L",2022-07-01 00:00:00.000,2018-12-27 00:00:00.000,NULL
459,18,"Men's Bib-Shorts, S",2022-07-01 00:00:00.000,2018-12-27 00:00:00.000,NULL
460,18,"Men's Bib-Shorts, M",2022-07-01 00:00:00.000,2018-12-27 00:00:00.000,NULL
461,18,"Men's Bib-Shorts, L",2022-07-01 00:00:00.000,2018-12-27 00:00:00.000,NULL
462,20,"Half-Finger Gloves, S",2022-07-01 00:00:00.000,2018-12-27 00:00:00.000,NULL
463,20,"Half-Finger Gloves, S",2023-07-01 00:00:00.000,NULL,Current
464,20,"Half-Finger Gloves, M",2022-07-01 00:00:00.000,2018-12-27 00:00:00.000,NULL
465,20,"Half-Finger Gloves, M",2023-07-01 00:00:00.000,NULL,Current
466,20,"Half-Finger Gloves, L",2022-07-01 00:00:00.000,2018-12-27 00:00:00.000,NULL
467,20,"Half-Finger Gloves, L",2023-07-01 00:00:00.000,NULL,Current
468,20,"Full-Finger Gloves, S",2022-07-01 00:00:00.000,2018-12-27 00:00:00.000,NULL
469,20,"Full-Finger Gloves, M",2022-07-01 00:00:00.000,2018-12-27 00:00:00.000,NULL
470,20,"Full-Finger Gloves, L",2022-07-01 00:00:00.000,2018-12-27 00:00:00.000,NULL
471,25,"Classic Vest, S",2023-07-01 00:00:00.000,NULL,Current
472,25,"Classic Vest, M",2023-07-01 00:00:00.000,NULL,Current
473,25,"Classic Vest, L",2023-07-01 00:00:00.000,NULL,Current
474,22,"Women's Mountain Shorts, S",2023-07-01 00:00:00.000,NULL,Current
475,22,"Women's Mountain Shorts, M",2023-07-01 00:00:00.000,NULL,Current
476,22,"Women's Mountain Shorts, L",2023-07-01 00:00:00.000,NULL,Current
477,28,Water Bottle - 30 oz.,2023-07-01 00:00:00.000,NULL,Current
478,28,Mountain Bottle Cage,2023-07-01 00:00:00.000,NULL,Current
479,28,Road Bottle Cage,2023-07-01 00:00:00.000,NULL,Current
480,37,Patch Kit/8 Patches,2023-07-01 00:00:00.000,NULL,Current
481,23,"Racing Socks, M",2023-07-01 00:00:00.000,NULL,Current
482,23,"Racing Socks, L",2023-07-01 00:00:00.000,NULL,Current
483,26,Hitch Rack - 4-Bike,2023-07-01 00:00:00.000,NULL,Current
484,29,Bike Wash - Dissolver,2023-07-01 00:00:00.000,NULL,Current
485,30,Fender Set - Mountain,2023-07-01 00:00:00.000,NULL,Current
486,27,All-Purpose Bike Stand,2023-07-01 00:00:00.000,NULL,Current
487,32,Hydration Pack - 70 oz.,2023-07-01 00:00:00.000,NULL,Current
488,21,"Short-Sleeve Classic Jersey, S",2023-07-01 00:00:00.000,NULL,Current
489,21,"Short-Sleeve Classic Jersey, M",2023-07-01 00:00:00.000,NULL,Current
490,21,"Short-Sleeve Classic Jersey, L",2023-07-01 00:00:00.000,NULL,Current
491,21,"Short-Sleeve Classic Jersey, XL",2023-07-01 00:00:00.000,NULL,Current
492,16,"HL Touring Frame - Yellow, 60",2023-07-01 00:00:00.000,NULL,Current
493,16,"LL Touring Frame - Yellow, 62",2023-07-01 00:00:00.000,NULL,Current
494,16,"HL Touring Frame - Yellow, 46",2023-07-01 00:00:00.000,NULL,Current
495,16,"HL Touring Frame - Yellow, 50",2023-07-01 00:00:00.000,NULL,Current
496,16,"HL Touring Frame - Yellow, 54",2023-07-01 00:00:00.000,NULL,Current
497,16,"HL Touring Frame - Blue, 46",2023-07-01 00:00:00.000,NULL,Current
498,16,"HL Touring Frame - Blue, 50",2023-07-01 00:00:00.000,NULL,Current
499,16,"HL Touring Frame - Blue, 54",2023-07-01 00:00:00.000,NULL,Current
500,16,"HL Touring Frame - Blue, 60",2023-07-01 00:00:00.000,NULL,Current
501,9,Rear Derailleur,2023-07-01 00:00:00.000,NULL,Current
502,16,"LL Touring Frame - Blue, 50",2023-07-01 00:00:00.000,NULL,Current
503,16,"LL Touring Frame - Blue, 54",2023-07-01 00:00:00.000,NULL,Current
504,16,"LL Touring Frame - Blue, 58",2023-07-01 00:00:00.000,NULL,Current
505,16,"LL Touring Frame - Blue, 62",2023-07-01 00:00:00.000,NULL,Current
506,16,"LL Touring Frame - Yellow, 44",2023-07-01 00:00:00.000,NULL,Current
507,16,"LL Touring Frame - Yellow, 50",2023-07-01 00:00:00.000,NULL,Current
508,16,"LL Touring Frame - Yellow, 54",2023-07-01 00:00:00.000,NULL,Current
509,16,"LL Touring Frame - Yellow, 58",2023-07-01 00:00:00.000,NULL,Current
510,16,"LL Touring Frame - Blue, 44",2023-07-01 00:00:00.000,NULL,Current
511,12,"ML Mountain Frame-W - Silver, 40",2023-07-01 00:00:00.000,NULL,Current
512,12,"ML Mountain Frame-W - Silver, 42",2023-07-01 00:00:00.000,NULL,Current
513,12,"ML Mountain Frame-W - Silver, 46",2023-07-01 00:00:00.000,NULL,Current
514,6,Rear Brakes,2023-07-01 00:00:00.000,NULL,Current
515,15,LL Mountain Seat/Saddle,2023-07-01 00:00:00.000,NULL,Current
516,15,ML Mountain Seat/Saddle,2023-07-01 00:00:00.000,NULL,Current
517,15,HL Mountain Seat/Saddle,2023-07-01 00:00:00.000,NULL,Current
518,15,LL Road Seat/Saddle,2023-07-01 00:00:00.000,NULL,Current
519,15,ML Road Seat/Saddle,2023-07-01 00:00:00.000,NULL,Current
520,15,HL Road Seat/Saddle,2023-07-01 00:00:00.000,NULL,Current
521,15,LL Touring Seat/Saddle,2023-07-01 00:00:00.000,NULL,Current
522,15,ML Touring Seat/Saddle,2023-07-01 00:00:00.000,NULL,Current
523,15,HL Touring Seat/Saddle,2023-07-01 00:00:00.000,NULL,Current
524,12,"LL Mountain Frame - Silver, 42",2023-07-01 00:00:00.000,NULL,Current
525,12,"LL Mountain Frame - Silver, 44",2023-07-01 00:00:00.000,NULL,Current
526,12,"LL Mountain Frame - Silver, 48",2023-07-01 00:00:00.000,NULL,Current
527,12,"LL Mountain Frame - Silver, 52",2023-07-01 00:00:00.000,NULL,Current
528,37,Mountain Tire Tube,2023-07-01 00:00:00.000,NULL,Current
529,37,Road Tire Tube,2023-07-01 00:00:00.000,NULL,Current
530,37,Touring Tire Tube,2023-07-01 00:00:00.000,NULL,Current
531,12,"LL Mountain Frame - Black, 42",2023-07-01 00:00:00.000,NULL,Current
532,12,"LL Mountain Frame - Black, 44",2023-07-01 00:00:00.000,NULL,Current
533,12,"LL Mountain Frame - Black, 48",2023-07-01 00:00:00.000,NULL,Current
534,12,"LL Mountain Frame - Black, 52",2023-07-01 00:00:00.000,NULL,Current
535,37,LL Mountain Tire,2023-07-01 00:00:00.000,NULL,Current
536,37,ML Mountain Tire,2023-07-01 00:00:00.000,NULL,Current
537,37,HL Mountain Tire,2023-07-01 00:00:00.000,NULL,Current
538,37,LL Road Tire,2023-07-01 00:00:00.000,NULL,Current
539,37,ML Road Tire,2023-07-01 00:00:00.000,NULL,Current
540,37,HL Road Tire,2023-07-01 00:00:00.000,NULL,Current
541,37,Touring Tire,2023-07-01 00:00:00.000,NULL,Current
542,13,LL Mountain Pedal,2023-07-01 00:00:00.000,NULL,Current
543,13,ML Mountain Pedal,2023-07-01 00:00:00.000,NULL,Current
544,13,HL Mountain Pedal,2023-07-01 00:00:00.000,NULL,Current
545,13,LL Road Pedal,2023-07-01 00:00:00.000,NULL,Current
546,13,ML Road Pedal,2023-07-01 00:00:00.000,NULL,Current
547,13,HL Road Pedal,2023-07-01 00:00:00.000,NULL,Current
548,13,Touring Pedal,2023-07-01 00:00:00.000,NULL,Current
549,12,"ML Mountain Frame-W - Silver, 38",2023-07-01 00:00:00.000,NULL,Current
550,12,"LL Mountain Frame - Black, 40",2023-07-01 00:00:00.000,NULL,Current
551,12,"LL Mountain Frame - Silver, 40",2023-07-01 00:00:00.000,NULL,Current
552,9,Front Derailleur,2023-07-01 00:00:00.000,NULL,Current
553,4,LL Touring Handlebars,2023-07-01 00:00:00.000,NULL,Current
554,4,HL Touring Handlebars,2023-07-01 00:00:00.000,NULL,Current
555,6,Front Brakes,2023-07-01 00:00:00.000,NULL,Current
556,8,LL Crankset,2023-07-01 00:00:00.000,NULL,Current
557,8,ML Crankset,2023-07-01 00:00:00.000,NULL,Current
558,8,HL Crankset,2023-07-01 00:00:00.000,NULL,Current
559,7,Chain,2023-07-01 00:00:00.000,NULL,Current
560,3,"Touring-2000 Blue, 60",2023-07-01 00:00:00.000,NULL,Current
561,3,"Touring-1000 Yellow, 46",2023-07-01 00:00:00.000,NULL,Current
562,3,"Touring-1000 Yellow, 50",2023-07-01 00:00:00.000,NULL,Current
563,3,"Touring-1000 Yellow, 54",2023-07-01 00:00:00.000,NULL,Current
564,3,"Touring-1000 Yellow, 60",2023-07-01 00:00:00.000,NULL,Current
565,3,"Touring-3000 Blue, 54",2023-07-01 00:00:00.000,NULL,Current
566,3,"Touring-3000 Blue, 58",2023-07-01 00:00:00.000,NULL,Current
567,3,"Touring-3000 Blue, 62",2023-07-01 00:00:00.000,NULL,Current
568,3,"Touring-3000 Yellow, 44",2023-07-01 00:00:00.000,NULL,Current
569,3,"Touring-3000 Yellow, 50",2023-07-01 00:00:00.000,NULL,Current
570,3,"Touring-3000 Yellow, 54",2023-07-01 00:00:00.000,NULL,Current
571,3,"Touring-3000 Yellow, 58",2023-07-01 00:00:00.000,NULL,Current
572,3,"Touring-3000 Yellow, 62",2023-07-01 00:00:00.000,NULL,Current
573,3,"Touring-1000 Blue, 46",2023-07-01 00:00:00.000,NULL,Current
574,3,"Touring-1000 Blue, 50",2023-07-01 00:00:00.000,NULL,Current
575,3,"Touring-1000 Blue, 54",2023-07-01 00:00:00.000,NULL,Current
576,3,"Touring-1000 Blue, 60",2023-07-01 00:00:00.000,NULL,Current
577,3,"Touring-2000 Blue, 46",2023-07-01 00:00:00.000,NULL,Current
578,3,"Touring-2000 Blue, 50",2023-07-01 00:00:00.000,NULL,Current
579,3,"Touring-2000 Blue, 54",2023-07-01 00:00:00.000,NULL,Current
580,2,"Road-350-W Yellow, 40",2023-07-01 00:00:00.000,NULL,Current
581,2,"Road-350-W Yellow, 42",2023-07-01 00:00:00.000,NULL,Current
582,2,"Road-350-W Yellow, 44",2023-07-01 00:00:00.000,NULL,Current
583,2,"Road-350-W Yellow, 48",2023-07-01 00:00:00.000,NULL,Current
584,2,"Road-750 Black, 58",2023-07-01 00:00:00.000,NULL,Current
585,3,"Touring-3000 Blue, 44",2023-07-01 00:00:00.000,NULL,Current
586,3,"Touring-3000 Blue, 50",2023-07-01 00:00:00.000,NULL,Current
587,1,"Mountain-400-W Silver, 38",2023-07-01 00:00:00.000,NULL,Current
588,1,"Mountain-400-W Silver, 40",2023-07-01 00:00:00.000,NULL,Current
589,1,"Mountain-400-W Silver, 42",2023-07-01 00:00:00.000,NULL,Current
590,1,"Mountain-400-W Silver, 46",2023-07-01 00:00:00.000,NULL,Current
591,1,"Mountain-500 Silver, 40",2023-07-01 00:00:00.000,NULL,Current
592,1,"Mountain-500 Silver, 42",2023-07-01 00:00:00.000,NULL,Current
593,1,"Mountain-500 Silver, 44",2023-07-01 00:00:00.000,NULL,Current
594,1,"Mountain-500 Silver, 48",2023-07-01 00:00:00.000,NULL,Current
595,1,"Mountain-500 Silver, 52",2023-07-01 00:00:00.000,NULL,Current
596,1,"Mountain-500 Black, 40",2023-07-01 00:00:00.000,NULL,Current
597,1,"Mountain-500 Black, 42",2023-07-01 00:00:00.000,NULL,Current
598,1,"Mountain-500 Black, 44",2023-07-01 00:00:00.000,NULL,Current
599,1,"Mountain-500 Black, 48",2023-07-01 00:00:00.000,NULL,Current
600,1,"Mountain-500 Black, 52",2023-07-01 00:00:00.000,NULL,Current
601,5,LL Bottom Bracket,2023-07-01 00:00:00.000,NULL,Current
602,5,ML Bottom Bracket,2023-07-01 00:00:00.000,NULL,Current
603,5,HL Bottom Bracket,2023-07-01 00:00:00.000,NULL,Current
604,2,"Road-750 Black, 44",2023-07-01 00:00:00.000,NULL,Current
605,2,"Road-750 Black, 48",2023-07-01 00:00:00.000,NULL,Current
606,2,"Road-750 Black, 52",2023-07-01 00:00:00.000,NULL,Current
